{
    "ALTERNATIVE_ERROR": {
        "ndcg": [
            0.3077658712863922,
            0.305489718914032
        ],
        "validation_critic_error": [
            0.5280225276947021,
            0.5308966040611267
        ]
    }
}