{
    "ALTERNATIVE_ERROR": {
        "ndcg": [
            0.23842141032218933,
            0.22154441475868225,
            0.21408145129680634,
            0.18439801037311554,
            0.19961068034172058,
            0.2386501133441925,
            0.24851225316524506,
            0.1997460126876831,
            0.2132134586572647,
            0.2214246541261673,
            0.2413671612739563,
            0.21819928288459778,
            0.22513459622859955
        ],
        "validation_critic_error": [
            0.09726322442293167,
            0.0866359993815422,
            0.08131753653287888,
            0.06475669145584106,
            0.07247196137905121,
            0.09589572250843048,
            0.10216644406318665,
            0.07401148974895477,
            0.079639732837677,
            0.08524518460035324,
            0.09699398279190063,
            0.08258791267871857,
            0.08614253997802734
        ]
    }
}