{
    "CRITIC": {
        "ndcg": [
            0.42483681440353394,
            0.4248368740081787,
            0.4248368740081787,
            0.42483681440353394,
            0.4248368740081787,
            0.42483681440353394,
            0.4248368740081787,
            0.4248368740081787,
            0.4248368740081787,
            0.42483681440353394,
            0.4248368740081787,
            0.42483681440353394,
            0.4248368740081787,
            0.4248368740081787,
            0.42483681440353394,
            0.4248368740081787,
            0.42483681440353394,
            0.4248368740081787,
            0.42483681440353394,
            0.42483681440353394,
            0.42483681440353394,
            0.4248368740081787,
            0.4248368740081787,
            0.4248368740081787,
            0.4248368740081787,
            0.4248368740081787,
            0.4248368740081787,
            0.42483681440353394,
            0.4248368740081787,
            0.4248368740081787,
            0.4248368740081787,
            0.4248368740081787,
            0.4248368740081787,
            0.4248368740081787,
            0.4248368740081787,
            0.4248368740081787,
            0.4248368740081787,
            0.4248368740081787,
            0.4248368740081787,
            0.4248368740081787,
            0.4248368740081787,
            0.4248368740081787,
            0.4248368740081787,
            0.42483681440353394,
            0.4248368740081787,
            0.4248368740081787,
            0.42483681440353394,
            0.4248368740081787,
            0.4248368740081787,
            0.4248368740081787
        ],
        "ap": [
            0.20611414313316345,
            0.20611414313316345,
            0.20611414313316345,
            0.20611411333084106,
            0.20611414313316345,
            0.20611414313316345,
            0.20611414313316345,
            0.20611414313316345,
            0.20611414313316345,
            0.20611414313316345,
            0.20611414313316345,
            0.20611414313316345,
            0.20611414313316345,
            0.20611414313316345,
            0.20611414313316345,
            0.20611414313316345,
            0.20611414313316345,
            0.20611415803432465,
            0.20611414313316345,
            0.20611414313316345,
            0.20611414313316345,
            0.20611411333084106,
            0.20611414313316345,
            0.20611414313316345,
            0.20611411333084106,
            0.20611414313316345,
            0.20611414313316345,
            0.20611414313316345,
            0.20611415803432465,
            0.20611414313316345,
            0.20611414313316345,
            0.20611414313316345,
            0.20611414313316345,
            0.20611414313316345,
            0.20611414313316345,
            0.20611414313316345,
            0.20611414313316345,
            0.20611414313316345,
            0.20611414313316345,
            0.20611414313316345,
            0.20611414313316345,
            0.20611414313316345,
            0.20611414313316345,
            0.20611414313316345,
            0.20611414313316345,
            0.20611414313316345,
            0.20611411333084106,
            0.20611414313316345,
            0.20611414313316345,
            0.20611414313316345
        ],
        "recall": [
            0.6610509753227234,
            0.6610509753227234,
            0.6610509753227234,
            0.6610509753227234,
            0.6610509753227234,
            0.6610509753227234,
            0.6610509753227234,
            0.6610509753227234,
            0.6610509753227234,
            0.6610509753227234,
            0.6610510349273682,
            0.6610509157180786,
            0.6610509753227234,
            0.6610509753227234,
            0.6610509753227234,
            0.6610509753227234,
            0.6610509753227234,
            0.6610509753227234,
            0.6610509753227234,
            0.6610509753227234,
            0.6610509157180786,
            0.6610509753227234,
            0.6610509753227234,
            0.6610509753227234,
            0.6610509753227234,
            0.6610509753227234,
            0.6610509753227234,
            0.6610509753227234,
            0.6610509753227234,
            0.6610509753227234,
            0.6610509753227234,
            0.6610509753227234,
            0.6610509753227234,
            0.6610509157180786,
            0.6610509157180786,
            0.6610509753227234,
            0.6610509753227234,
            0.6610509753227234,
            0.6610509753227234,
            0.6610510349273682,
            0.6610509753227234,
            0.6610509753227234,
            0.6610510349273682,
            0.6610509753227234,
            0.6610509753227234,
            0.6610509753227234,
            0.6610509753227234,
            0.6610509157180786,
            0.6610509753227234,
            0.6610509753227234
        ]
    },