{
    "CRITIC": {
        "ndcg": [
            0.42483681440353394,
            0.4248368740081787,
            0.4248368740081787,
            0.4248368740081787,
            0.42483681440353394,
            0.4248368740081787,
            0.42483681440353394,
            0.42483681440353394,
            0.4248368740081787,
            0.42483681440353394,
            0.4248368740081787,
            0.4248368740081787,
            0.4248368740081787,
            0.4248368740081787,
            0.4248368740081787,
            0.42483681440353394,
            0.4248368740081787,
            0.42483681440353394,
            0.42483681440353394,
            0.4248368740081787,
            0.4248368740081787,
            0.42483681440353394,
            0.4248368740081787,
            0.4248368740081787,
            0.4248368740081787,
            0.42483681440353394,
            0.4248368740081787,
            0.4248368740081787,
            0.4248368740081787,
            0.4248368740081787,
            0.4248368740081787,
            0.4248368740081787,
            0.4248368740081787,
            0.4248368740081787,
            0.42483681440353394,
            0.4248368740081787,
            0.4248368740081787,
            0.4248368740081787,
            0.42483681440353394,
            0.4248368740081787,
            0.4248368740081787,
            0.4248368740081787,
            0.42483681440353394,
            0.42483681440353394,
            0.4248368740081787,
            0.42483681440353394,
            0.4248368740081787,
            0.4248368740081787,
            0.4248368740081787,
            0.4248368740081787
        ],
        "ap": [
            0.20611423254013062,
            0.20611420273780823,
            0.20611420273780823,
            0.20611420273780823,
            0.20611420273780823,
            0.20611420273780823,
            0.20611420273780823,
            0.20611420273780823,
            0.20611420273780823,
            0.20611420273780823,
            0.20611420273780823,
            0.20611420273780823,
            0.20611420273780823,
            0.20611420273780823,
            0.20611420273780823,
            0.20611420273780823,
            0.20611420273780823,
            0.20611420273780823,
            0.20611423254013062,
            0.20611420273780823,
            0.20611423254013062,
            0.20611420273780823,
            0.20611420273780823,
            0.20611420273780823,
            0.20611420273780823,
            0.20611420273780823,
            0.20611420273780823,
            0.20611420273780823,
            0.20611420273780823,
            0.20611420273780823,
            0.20611420273780823,
            0.20611423254013062,
            0.20611420273780823,
            0.20611420273780823,
            0.20611420273780823,
            0.20611420273780823,
            0.20611420273780823,
            0.20611420273780823,
            0.20611420273780823,
            0.20611420273780823,
            0.20611420273780823,
            0.20611420273780823,
            0.20611420273780823,
            0.20611420273780823,
            0.20611420273780823,
            0.20611420273780823,
            0.20611420273780823,
            0.20611420273780823,
            0.20611420273780823,
            0.20611420273780823
        ],
        "recall": [
            0.6610509753227234,
            0.6610509753227234,
            0.6610509753227234,
            0.6610509753227234,
            0.6610509753227234,
            0.6610509753227234,
            0.6610509753227234,
            0.6610509753227234,
            0.6610509753227234,
            0.6610509753227234,
            0.6610509753227234,
            0.6610510349273682,
            0.6610509753227234,
            0.6610510349273682,
            0.6610509753227234,
            0.6610509753227234,
            0.6610509753227234,
            0.6610509753227234,
            0.6610509753227234,
            0.6610509753227234,
            0.6610509753227234,
            0.6610509753227234,
            0.6610509753227234,
            0.6610509753227234,
            0.6610509753227234,
            0.6610509753227234,
            0.6610509753227234,
            0.6610509753227234,
            0.6610509753227234,
            0.6610509753227234,
            0.6610509753227234,
            0.6610509753227234,
            0.6610509753227234,
            0.6610509753227234,
            0.6610509753227234,
            0.6610509753227234,
            0.6610509753227234,
            0.6610509753227234,
            0.6610509753227234,
            0.6610509753227234,
            0.6610509753227234,
            0.6610509753227234,
            0.6610509753227234,
            0.6610509753227234,
            0.6610509753227234,
            0.6610509753227234,
            0.6610509753227234,
            0.6610509753227234,
            0.6610509753227234,
            0.6610509753227234
        ]
    },