{
    "CRITIC": {
        "ndcg": [
            0.4329902231693268,
            0.4329902231693268,
            0.4329902231693268,
            0.4329902231693268,
            0.4329902231693268,
            0.4329902231693268,
            0.4329902231693268,
            0.4329902231693268,
            0.4329902231693268,
            0.4329902231693268,
            0.4329902231693268,
            0.4329902231693268,
            0.4329902231693268,
            0.4329902231693268,
            0.4329902231693268,
            0.4329902231693268,
            0.4329902231693268,
            0.4329902231693268,
            0.4329902231693268,
            0.4329902231693268,
            0.4329902231693268,
            0.4329902231693268,
            0.4329902231693268,
            0.4329902231693268,
            0.4329902231693268,
            0.4329902231693268,
            0.4329902231693268,
            0.4329902231693268,
            0.4329902231693268,
            0.4329902231693268,
            0.4329902231693268,
            0.4329902231693268,
            0.4329902231693268,
            0.4329902231693268,
            0.4329902231693268,
            0.4329902231693268,
            0.4329902231693268,
            0.4329902231693268,
            0.4329902231693268,
            0.4329902231693268,
            0.4329902231693268,
            0.4329902231693268,
            0.4329902231693268,
            0.4329902231693268,
            0.4329902231693268,
            0.4329902231693268,
            0.4329902231693268,
            0.4329902231693268,
            0.4329902231693268,
            0.4329902231693268
        ],
        "ap": [
            0.213325634598732,
            0.213325634598732,
            0.213325634598732,
            0.213325634598732,
            0.213325634598732,
            0.213325634598732,
            0.213325634598732,
            0.213325634598732,
            0.213325634598732,
            0.213325634598732,
            0.213325634598732,
            0.213325634598732,
            0.213325634598732,
            0.213325634598732,
            0.213325634598732,
            0.213325634598732,
            0.213325634598732,
            0.213325634598732,
            0.213325634598732,
            0.213325634598732,
            0.213325634598732,
            0.213325634598732,
            0.213325634598732,
            0.213325634598732,
            0.213325634598732,
            0.21332566440105438,
            0.213325634598732,
            0.213325634598732,
            0.213325634598732,
            0.213325634598732,
            0.213325634598732,
            0.213325634598732,
            0.213325634598732,
            0.213325634598732,
            0.213325634598732,
            0.213325634598732,
            0.213325634598732,
            0.213325634598732,
            0.213325634598732,
            0.21332566440105438,
            0.213325634598732,
            0.213325634598732,
            0.213325634598732,
            0.213325634598732,
            0.213325634598732,
            0.213325634598732,
            0.213325634598732,
            0.213325634598732,
            0.213325634598732,
            0.213325634598732
        ],
        "recall": [
            0.6638063192367554,
            0.6638063192367554,
            0.6638063192367554,
            0.6638063192367554,
            0.6638063192367554,
            0.6638063192367554,
            0.6638063192367554,
            0.6638063192367554,
            0.6638063192367554,
            0.6638063192367554,
            0.6638063192367554,
            0.6638063192367554,
            0.6638063192367554,
            0.6638063192367554,
            0.6638063192367554,
            0.6638063192367554,
            0.6638063192367554,
            0.6638063192367554,
            0.6638063192367554,
            0.6638063192367554,
            0.6638063192367554,
            0.6638063192367554,
            0.6638063192367554,
            0.6638063192367554,
            0.6638063192367554,
            0.6638063192367554,
            0.6638063192367554,
            0.6638063192367554,
            0.6638063192367554,
            0.6638063192367554,
            0.6638063192367554,
            0.6638063192367554,
            0.6638063192367554,
            0.6638063192367554,
            0.6638063192367554,
            0.6638063192367554,
            0.6638063192367554,
            0.6638063192367554,
            0.6638063192367554,
            0.6638063192367554,
            0.6638063192367554,
            0.6638063192367554,
            0.6638063192367554,
            0.6638063192367554,
            0.6638063192367554,
            0.6638063192367554,
            0.6638063192367554,
            0.6638063192367554,
            0.6638063192367554,
            0.6638063192367554
        ]
    },