{
    "ALTERNATIVE_ERROR": {
        "ndcg": [
            0.4351420998573303,
            0.4314151406288147,
            0.42938652634620667,
            0.4295896589756012,
            0.4276100695133209,
            0.4269901514053345,
            0.42744335532188416,
            0.4262293577194214,
            0.4244777262210846,
            0.4269070327281952,
            0.42607495188713074,
            0.4266149401664734,
            0.4256301820278168,
            0.4251982569694519,
            0.4258723258972168,
            0.42615312337875366,
            0.42634403705596924,
            0.42570650577545166,
            0.42643871903419495,
            0.4252224266529083,
            0.4258037507534027,
            0.42583411931991577,
            0.42525145411491394,
            0.42434823513031006,
            0.42504820227622986
        ],
        "validation_critic_error": [
            0.11563827097415924,
            0.11533286422491074,
            0.11455078423023224,
            0.11386379599571228,
            0.11440271884202957,
            0.11503461748361588,
            0.11402696371078491,
            0.11493218690156937,
            0.1132371798157692,
            0.11451776325702667,
            0.11424123495817184,
            0.11426593363285065,
            0.11536979675292969,
            0.11376673728227615,
            0.11468140780925751,
            0.11528100818395615,
            0.11544524133205414,
            0.1141604632139206,
            0.11507987976074219,
            0.1149134635925293,
            0.11540642380714417,
            0.11554411798715591,
            0.11460848152637482,
            0.11538432538509369,
            0.1151680052280426
        ]
    }
}