{
    "ALTERNATIVE_ERROR": {
        "ndcg": [
            0.33397558331489563,
            0.3267369270324707,
            0.31029146909713745,
            0.3089054524898529,
            0.3028962016105652,
            0.3151145279407501,
            0.2992684841156006,
            0.3185890018939972,
            0.30281883478164673,
            0.29863131046295166,
            0.2927340865135193,
            0.2972851097583771,
            0.2943267822265625,
            0.2977912724018097,
            0.3064485788345337,
            0.2940935492515564,
            0.2999524772167206,
            0.31751924753189087,
            0.3030988872051239,
            0.2953234910964966,
            0.2863401472568512,
            0.2985678017139435,
            0.3059087097644806,
            0.2926195561885834,
            0.31365516781806946,
            0.2936551868915558,
            0.29272305965423584,
            0.296927809715271,
            0.30181288719177246,
            0.30580469965934753,
            0.28477752208709717,
            0.3136546015739441,
            0.2987629473209381,
            0.3182593882083893,
            0.30532851815223694,
            0.2781733274459839,
            0.3121544122695923,
            0.3180239796638489,
            0.28759169578552246,
            0.3104458153247833,
            0.31648871302604675,
            0.30958789587020874,
            0.2909150719642639,
            0.2966853380203247,
            0.3182903230190277,
            0.3485814034938812,
            0.3379986882209778,
            0.3214174211025238,
            0.3195910155773163,
            0.31040000915527344
        ],
        "validation_critic_error": [
            0.1317816823720932,
            0.1280030459165573,
            0.11750099807977676,
            0.11707589030265808,
            0.11297968775033951,
            0.12389793992042542,
            0.11084192246198654,
            0.12577950954437256,
            0.11472823470830917,
            0.11196744441986084,
            0.1085093766450882,
            0.11033104360103607,
            0.10870690643787384,
            0.1105499267578125,
            0.11819786578416824,
            0.10791495442390442,
            0.11191864311695099,
            0.12639600038528442,
            0.11462552845478058,
            0.11065109819173813,
            0.10443390160799026,
            0.11130703240633011,
            0.11792304366827011,
            0.10830686241388321,
            0.1247156485915184,
            0.10984787344932556,
            0.108128122985363,
            0.11075836420059204,
            0.11406280845403671,
            0.11905460059642792,
            0.10256558656692505,
            0.12378451973199844,
            0.11239908635616302,
            0.1268848329782486,
            0.11949111521244049,
            0.09777513146400452,
            0.12417186051607132,
            0.1277039498090744,
            0.10430575162172318,
            0.12270693480968475,
            0.12873755395412445,
            0.12236405164003372,
            0.11046122759580612,
            0.11344615370035172,
            0.12897227704524994,
            0.15336108207702637,
            0.14511479437351227,
            0.13272035121917725,
            0.13024000823497772,
            0.11989092081785202
        ]
    }
}