{
    "CRITIC": {
        "ndcg": [
            0.38515177369117737,
            0.38515180349349976,
            0.38515186309814453,
            0.38515183329582214,
            0.38515177369117737,
            0.38515180349349976,
            0.38515180349349976,
            0.38515180349349976,
            0.38515180349349976,
            0.38515177369117737,
            0.38515180349349976,
            0.38515183329582214,
            0.38515183329582214,
            0.38515180349349976,
            0.38515180349349976,
            0.38515183329582214,
            0.38515180349349976,
            0.38515183329582214,
            0.38515180349349976,
            0.38515180349349976,
            0.38515180349349976,
            0.38515183329582214,
            0.38515183329582214,
            0.38515180349349976,
            0.38515180349349976,
            0.38515180349349976,
            0.38515180349349976,
            0.38515180349349976,
            0.38515180349349976,
            0.38515180349349976,
            0.38515180349349976,
            0.38515180349349976,
            0.38515180349349976,
            0.38515183329582214,
            0.38515180349349976,
            0.38515180349349976,
            0.38515183329582214,
            0.38515183329582214,
            0.38515180349349976,
            0.38515180349349976,
            0.38515180349349976,
            0.38515180349349976,
            0.38515180349349976,
            0.38515180349349976,
            0.38515180349349976,
            0.38515180349349976,
            0.38515180349349976,
            0.38515180349349976,
            0.38515183329582214,
            0.38515180349349976
        ],
        "validation_critic_error": [
            0.1196560338139534,
            0.06457696855068207,
            0.07105257362127304,
            0.0717749297618866,
            0.06512675434350967,
            0.05431138351559639,
            0.053752001374959946,
            0.052496287971735,
            0.05188480764627457,
            0.05749442055821419,
            0.03552645444869995,
            0.05017371103167534,
            0.033220790326595306,
            0.049794770777225494,
            0.031071269884705544,
            0.0374467708170414,
            0.03896545246243477,
            0.03484632447361946,
            0.028872760012745857,
            0.04296210780739784,
            0.032166849821805954,
            0.042161546647548676,
            0.05718265473842621,
            0.04668392241001129,
            0.046492088586091995,
            0.05332299321889877,
            0.051731567829847336,
            0.05898766592144966,
            0.04259750619530678,
            0.03918035328388214,
            0.0485752671957016,
            0.031194597482681274,
            0.04103151336312294,
            0.044806208461523056,
            0.04363902658224106,
            0.03937879204750061,
            0.04988763853907585,
            0.029652489349246025,
            0.03522930294275284,
            0.036157213151454926,
            0.05492592230439186,
            0.04660283774137497,
            0.043325114995241165,
            0.06944061815738678,
            0.03750472143292427,
            0.032789114862680435,
            0.052643097937107086,
            0.04600117728114128,
            0.05092424526810646,
            0.03353094682097435
        ]
    },
    "AC": {
        "ndcg": [
            0.3874424993991852,
            0.38832786679267883,
            0.38882768154144287,
            0.389279305934906,
            0.38958674669265747,
            0.3898506760597229,
            0.3901127576828003,
            0.3903498351573944,
            0.39061376452445984,
            0.3907391130924225,
            0.3908644914627075,
            0.39100369811058044,
            0.3910467326641083,
            0.3911225497722626,
            0.3910922110080719,
            0.3911278247833252,
            0.3912096619606018,
            0.39119449257850647,
            0.3911909759044647,
            0.39121556282043457,
            0.39131027460098267,
            0.39132779836654663,
            0.3912197947502136,
            0.39129266142845154,
            0.3912428915500641,
            0.39123812317848206,
            0.3912681043148041,
            0.3912583589553833,
            0.3912363648414612,
            0.39127013087272644,
            0.391276478767395,
            0.3912012279033661,
            0.3912487030029297,
            0.39121583104133606,
            0.3912130892276764,
            0.3911721706390381,
            0.3911341428756714,
            0.39113110303878784,
            0.39110007882118225,
            0.39113008975982666,
            0.39114832878112793,
            0.39109063148498535,
            0.3910393714904785,
            0.3910491168498993,
            0.39103156328201294,
            0.3910185396671295,
            0.39098262786865234,
            0.3909089267253876,
            0.39084652066230774,
            0.3908732533454895
        ],
        "validation_critic_error": [
            0.04654216393828392,
            0.05829489603638649,
            0.08752885460853577,
            0.045977190136909485,
            0.04624585434794426,
            0.04163261502981186,
            0.038462862372398376,
            0.04788843169808388,
            0.03132307529449463,
            0.0425291545689106,
            0.04178859293460846,
            0.025665542110800743,
            0.018031958490610123,
            0.06840929388999939,
            0.035958677530288696,
            0.0232278760522604,
            0.052176184952259064,
            0.05875997990369797,
            0.08886364847421646,
            0.029808741062879562,
            0.040520742535591125,
            0.033527128398418427,
            0.049501899629831314,
            0.021713867783546448,
            0.021428201347589493,
            0.04039398953318596,
            0.06453491002321243,
            0.06021369621157646,
            0.047653116285800934,
            0.05166439339518547,
            0.04848412796854973,
            0.03372330218553543,
            0.03518317639827728,
            0.03548607602715492,
            0.03254064917564392,
            0.07996991276741028,
            0.08273100852966309,
            0.07422216981649399,
            0.07348974794149399,
            0.05965787172317505,
            0.03776227682828903,
            0.041203588247299194,
            0.0585067942738533,
            0.05026976764202118,
            0.03493022546172142,
            0.028300870209932327,
            0.04246319457888603,
            0.04660613834857941,
            0.04231618344783783,
            0.05439009517431259
        ]
    }
}