{
    "ALTERNATIVE_ERROR": {
        "ndcg": [
            0.38521426916122437,
            0.38346338272094727,
            0.38163381814956665,
            0.3824397623538971
        ],
        "validation_critic_error": [
            0.37226253747940063,
            0.3738773465156555,
            0.3758457601070404,
            0.37511101365089417
        ]
    }
}