{
    "ALTERNATIVE_ERROR": {
        "ndcg": [
            0.2835630774497986,
            0.25269556045532227,
            0.2632618546485901,
            0.2752549648284912,
            0.20541538298130035,
            0.28906863927841187,
            0.26643067598342896,
            0.264165461063385,
            0.2766352891921997,
            0.2790573835372925,
            0.2878752052783966,
            0.2637050747871399,
            0.2265903353691101,
            0.12663447856903076,
            0.18781878054141998,
            0.1893935352563858,
            0.20791177451610565,
            0.20493271946907043,
            0.2705424427986145,
            0.24391919374465942,
            0.28785502910614014,
            0.30598172545433044,
            0.25617343187332153,
            0.2597150504589081,
            0.22245122492313385
        ],
        "validation_critic_error": [
            0.10660531371831894,
            0.08604108542203903,
            0.09334593266248703,
            0.10096696019172668,
            0.06074399873614311,
            0.11147989332675934,
            0.09676811844110489,
            0.09506138414144516,
            0.10404036939144135,
            0.10421251505613327,
            0.10916236788034439,
            0.09475673735141754,
            0.07118018716573715,
            0.02581479214131832,
            0.052135247737169266,
            0.05119732767343521,
            0.0629243403673172,
            0.06040732562541962,
            0.09932094812393188,
            0.08353359997272491,
            0.11086686700582504,
            0.12089060992002487,
            0.089353546500206,
            0.09105366468429565,
            0.07114079594612122
        ]
    }
}